{
  "version": "1.0.0",
  "run_id": "20260702_220617",
  "elapsed_seconds": 78.3,
  "stages": [
    "extract",
    "transform",
    "train",
    "evaluate",
    "cache",
    "deploy"
  ],
  "results": {
    "extract": {
      "CaseMaster": 50000,
      "OccurrenceTime": 50000,
      "Accused": 61086,
      "ChargesheetDetails": 34019,
      "ArrestSurrender": 24602,
      "DistrictStats": 31,
      "Victim": 57424
    },
    "transform": "(        lat_norm   lon_norm  ...  arrest_lag_days  target_is_hotspot\n0      12.850986  77.712040  ...               67                  0\n1      12.890658  77.598077  ...               13                  0\n2      12.925496  77.650869  ...               -1                  0\n3      12.873954  77.737404  ...                7                  0\n4      13.012354  77.756172  ...               -1                  0\n...          ...        ...  ...              ...                ...\n49995  15.252525  76.382002  ...               -1                  0\n49996  15.575563  76.440319  ...               -1                  0\n49997  15.115049  76.156411  ...               -1                  0\n49998  15.102871  76.389032  ...               -1                  0\n49999  15.090443  76.743718  ...               46                  0\n\n[50000 rows x 34 columns],     DistrictID  population_density  ...  seasonal_index  risk_score_composite\n0            1                3200  ...             0.0              0.122147\n1            2                 290  ...             0.0              0.115932\n2            3                 420  ...             0.0              0.083019\n3            4                 460  ...             0.0              0.093918\n4            5                 570  ...             0.0              0.122461\n5            6                 310  ...             0.0              0.110899\n6            7                 700  ...             0.0              0.121399\n7            8                 350  ...             0.0              0.092911\n8            9                 240  ...             0.0              0.138908\n9           10                 280  ...             0.0              0.107394\n10          11                 320  ...             0.0              0.056754\n11          12                 220  ...             0.0              0.116354\n12          13                 170  ...             0.0              0.078716\n13          14                 380  ...             0.0              0.084306\n14          15                 200  ...             0.0              0.118197\n15          16                 230  ...             0.0              0.100479\n16          17                 200  ...             0.0              0.180015\n17          18                 240  ...             0.0              0.166101\n18          19                 230  ...             0.0              0.143640\n19          20                 110  ...             0.0              0.130385\n20          21                 100  ...             0.0              0.102703\n21          22                 320  ...             0.0              0.250000\n22          23                 140  ...             0.0              0.000000\n23          24                 120  ...             0.0              0.161137\n24          25                 310  ...             0.0              0.103737\n25          26                 220  ...             0.0              0.060390\n26          27                 250  ...             0.0              0.052605\n27          28                 220  ...             0.0              0.069971\n28          29                 170  ...             0.0              0.092401\n29          30                 210  ...             0.0              0.089969\n30          31                 220  ...             0.0              0.143041\n\n[31 rows x 12 columns],        UnitID         ds   y  ...  week_of_year  month  year\n0           1 2023-01-02   7  ...             1      1  2023\n1           1 2023-01-09   3  ...             2      1  2023\n2           1 2023-01-16   8  ...             3      1  2023\n3           1 2023-01-23   7  ...             4      1  2023\n4           1 2023-01-30  11  ...             5      1  2023\n...       ...        ...  ..  ...           ...    ...   ...\n22136     276 2026-03-02   1  ...            10      3  2026\n22137     276 2026-03-30   1  ...            14      3  2026\n22138     276 2026-04-13   1  ...            16      4  2026\n22139     276 2026-05-18   1  ...            21      5  2026\n22140     276 2026-05-25   2  ...            22      5  2026\n\n[22141 rows x 9 columns],        CaseID   lat_norm   lon_norm  ...  mo_svd_7  mo_svd_8  mo_svd_9\n0         269  12.850986  77.712040  ...  0.003782  0.056713 -0.082782\n1         310  12.890658  77.598077  ...  0.129396  0.125662 -0.237839\n2         709  12.925496  77.650869  ...  0.003543  0.056358 -0.082090\n3         930  12.873954  77.737404  ...  0.051720  0.075721 -0.217569\n4        1222  13.012354  77.756172  ... -0.068231 -0.006292 -0.154992\n...       ...        ...        ...  ...       ...       ...       ...\n49995   30716  15.252525  76.382002  ... -0.002742  0.120565  0.176234\n49996   31542  15.575563  76.440319  ...  0.033329  0.000385 -0.012734\n49997    3503  15.115049  76.156411  ...  0.051720  0.075721 -0.217569\n49998   12480  15.102871  76.389032  ...  0.115945 -0.089823 -0.006979\n49999   32362  15.090443  76.743718  ...  0.033329  0.000385 -0.012734\n\n[50000 rows x 56 columns])",
    "train": {
      "status": "trained",
      "model_dir": "models"
    },
    "evaluate": {},
    "cache": {},
    "deploy": {
      "version": "1.0.0",
      "deployed_at": "20260702_220617",
      "models": [
        "hotspot_predictor.pkl",
        "district_risk_scorer.pkl",
        "trend_forecaster.pkl",
        "anomaly_detector.pkl",
        "case_outcome_predictor.pkl"
      ],
      "cache_files": [
        "hotspot_grid.json",
        "district_risk.json",
        "anomaly_summary.json",
        "trend_forecasts.json"
      ],
      "catalyst_function": "risk",
      "quickml_datasets": [
        "hotspot_prediction",
        "district_risk",
        "trend_forecasting",
        "anomaly_detection",
        "case_outcome"
      ]
    }
  }
}